Skills,Job Industry,Course Title,Course Category,Course Subcategory,Skills Achieved,Course Modules,Similarity Score
"UI/UX, User Research, Figma, Adobe XD, Color Theory",Design & Creative,UX: Visual Design Process,Computer Science,Design and Product,"Prototyping, Design Elements And Principles, User Centered Design, Storytelling, Style Guides, Design Reviews, Interactive Design, User Experience Design, Oral Expression, Color Theory, Typography, Adobe XD, Digital Design, Graphic and Visual Design, Human Centered Design, Wireframing, Figma (Design Software)","Visual Design Foundations: In this module, we will build a strong foundation in visual design by exploring its core elements and principles. You will delve into fundamental concepts like line, shape, color, and texture, and learn how they interact to create aesthetically pleasing and functional designs. By mastering these basics, you will be prepared to craft designs that are both impactful and harmonious.
Handling Feedback as a UX Designer: In this module, we will uncover the critical role feedback plays in shaping exceptional UX designs. You will learn to navigate the complexities of handling feedback by exploring how to request constructive input, embrace a growth-oriented mindset, and transform critiques into actionable improvements. This section equips you with the tools to foster productive dialogue and evolve as a designer.
Receiving UX Feedback by Example: In this module, we will explore real-world scenarios to better understand how to receive and respond to different kinds of UX feedback. Through examples, you will learn how to handle constructive criticism, manage unhelpful or prescriptive comments, and maintain a professional demeanor in all situations. This practical approach will strengthen your ability to turn feedback into opportunities for growth.
Collecting Design Inspiration: In this module, we will explore essential sites and tools for collecting design inspiration that fuel creativity and innovation. You'll learn how to strategically source ideas, compare platforms, and create an organized repository for your design projects.
Introduction to Wireframing: In this module, we will delve into the fundamentals of wireframing, including its purpose, benefits, and practical applications. Through a mix of demonstrations and hands-on activities, you'll learn to create wireframes on paper and with tools like Balsamiq and Adobe XD. By the end, you'll understand the strengths and limitations of each approach and be equipped to share and refine your wireframes effectively.
Practice Sketching: In this module, we will practice sketching by tackling real-world design problems and proposing creative solutions. You'll develop your ability to visually translate concepts into sketches, ensuring clarity and effectiveness in presenting your ideas.
Practice Wireframing: In this module, we will apply wireframing techniques to address specific design challenges. You'll practice building wireframes as a problem-solving tool, focusing on clarity, functionality, and user-centric solutions.
Typography for Designers: In this module, we will uncover the art and science of typography, from foundational principles to advanced applications. You'll learn essential terminology, explore the differences between print and digital typography, and discover how to select and combine typefaces effectively. Through hands-on exercises, you'll master typographic hierarchy, responsive design, and variable fonts, ensuring your typography elevates both form and function in your designs.
Before and After: Typography: In this module, we will analyze and transform typographic designs, comparing their ""before"" and ""after"" states. By revisiting initial layouts and refining them with advanced typographic techniques, you'll gain a deeper understanding of how thoughtful typography enhances both aesthetics and user experience.
Designing Layouts: In this module, we will focus on designing cohesive and functional layouts by integrating multiple design elements. You'll learn to refine text content, structure visual hierarchy, align elements using grids, and select colors that enhance usability and accessibility. By mastering these techniques, you'll create layouts that are both visually appealing and user-friendly.
Creating Mockups: In this module, we will explore the essentials of creating mockups, from understanding their purpose to preparing and building them. You'll learn step-by-step techniques to create professional mockups, streamline your process, and effectively communicate your designs to stakeholders.
Before and After: Color: In this module, we will evaluate and refine color palettes by comparing their ""before"" and ""after"" states. You'll learn how to address common color-related issues and implement changes that improve the overall aesthetic and functionality of your designs.
Before and After: Layout: In this module, we will examine and transform layouts, focusing on the improvements made between ""before"" and ""after"" iterations. You'll gain insight into how adjustments to structure and design elements can significantly enhance the effectiveness and aesthetics of a layout.
Prototyping with Adobe XD: In this module, we will dive into prototyping with Adobe XD, covering everything from basic tools to advanced interactive features. You'll learn to create artboards, add shapes, images, and text, and build functional prototypes with interactivity. By the end, you'll be equipped to design and share professional prototypes that bring your ideas to life.
Prototyping with Figma: In this module, we will explore prototyping with Figma, from project setup to creating interactive designs. You'll learn how to arrange elements, draw shapes and curved lines, and build reusable components. By the end, you'll be equipped to design complete interfaces and share interactive prototypes seamlessly.
Practice Prototyping: In this module, we will apply prototyping skills to solve real-world design challenges. You'll work through the process of creating and refining an interactive prototype, focusing on effectively translating ideas into functional solutions.
Collaborating with Developers: In this module, we will focus on fostering productive collaboration with developers throughout the design process. You'll learn strategies for clear communication, bridging the gap between design and development, and ensuring a seamless final handoff of your designs for implementation.
Presenting Design Ideas: In this module, we will focus on presenting design ideas effectively, from understanding your audience to structuring a compelling narrative. You'll learn how to set clear goals, communicate your problem-solving approach, and outline actionable next steps, ensuring your designs resonate and gain stakeholder buy-in.",0.6450671553611755
"UI/UX, User Research, Figma, Adobe XD, Color Theory",Design & Creative,UX Web Design: Build User-Centric Websites,Computer Science,Design and Product,"User Research, Graphic and Visual Design, User Story, UI/UX Research, Prototyping, Usability, User Experience Design, Persona Development, Wireframing, User Centered Design, Experience Design, Logo Design","Introduction to User Experience (UX): In this comprehensive module, students will explore the essential principles that highlight the importance of User Experience (UX). Through dynamic discussions and practical examples, participants will not only understand the core of UX but also learn to express its critical role in developing innovative designs. This module goes beyond theoretical knowledge, enabling students to apply key UX principles, such as Miller's Law, Jakob's Law, Von Restorff Effect, and more. By the conclusion of this module, students will have a solid understanding of UX's theoretical underpinnings within the digital environment.
Unlocking UX: Strategy, Use Cases, Logo Design: In this module, you'll learn how to align product objectives with user needs, creating not just effective but enjoyable experiences. We'll dive into the art of visual design, examining various logo types, from the simple beauty of Letter Marks to the detailed complexity of Combination Marks, enhancing your understanding of brand identity. Additionally, you'll gain skills in developing comprehensive use cases, which include both broad overviews and in-depth analyses, to fully grasp user interactions. By the end of this module, you'll become adept in logo design nuances and skilled in crafting user-focused use cases.
Introduction to User Research: In this module, you will begin a comprehensive exploration to master the art and science of user research. You will learn to distinguish between qualitative and quantitative research techniques through an in-depth examination of methodological nuances, equipping yourself with a broad range of tools to uncover valuable insights. You will learn how to become proficient in conducting user interviews and designing questions that reveal user needs, motivations, and pain points. Additionally, you will explore the strategic process of persona differentiation, learning how to create vivid user personas that enhance the design process. As a concluding highlight, the module clarifies the challenge of shopping cart abandonment, providing practical strategies to minimize it when developing engaging apps and websites.
Scoping and Balsamiq: Intro to Wireframing: In this module, you will navigate the foundational elements of UX design, focusing on the art of defining the project scope to ensure a clear vision and purpose. You will explore the Scope Plane, a fundamental aspect of the UX design process, which offers a structured method to clarify and refine project goals. This module teaches you how to transform those ideas into low-fidelity blueprints. Through interactive activities and guided lab sessions, you will become proficient in creating clear, functional wireframes with industry-standard tools like Balsamiq. You'll engage in the process of sketching, iterating, and testing your wireframes, thereby gaining valuable hands-on experience. By the end of this module, participants will not only possess the skills to effectively define project scopes but will also be prepared to turn their design concepts into reality with precision and clarity.
Conclusion",0.623015284538269
"UI/UX, User Research, Figma, Adobe XD, Color Theory",Design & Creative,User Research and Design,Computer Science,Design and Product,"People Analytics, Data Collection, Statistical Analysis, Data Analysis, Interviewing Skills, Surveys, UI/UX Research, User Interface (UI), Design Research, User Research, User Centered Design, Ideation, Qualitative Research, Persona Development, User Experience, User Story","Preface: Note that weeks 1 and 2 form a cohesive whole, with more lecture content in week 1, and more practice (assignment and quizzing) in week 2.
User Research Methods — Part 1: The 3rd and 4th week of the course are intended to be a unit, with more lecture content in week 3, and more practice (assignment and quizzing) in week 4.
User Research Methods — Part 2
Analyzing and Delivering User Research
Ideation and Idea Selection",0.6157177686691284
"UI/UX, User Research, Figma, Adobe XD, Color Theory",Design & Creative,"Designing, Running, and Analyzing Experiments",Computer Science,Design and Product,"Usability Testing, Statistical Analysis, Statistical Hypothesis Testing, User Experience, Data Analysis, Experimentation, Statistical Modeling, R Programming, UI/UX Research, Statistics, Human Computer Interaction, A/B Testing, Research Design","Basic Experiment Design Concepts: In this module, you will learn basic concepts relevant to the design and analysis of experiments, including mean comparisons, variance, statistical significance, practical significance, sampling, inclusion and exclusion criteria, and informed consent. You'll also learn to think of an experiment in terms of usability, its participants, apparatus, procedure, and design & analysis. This module covers lecture videos 1-2.
Tests of Proportions: In this module, you will learn how to analyze user preferences (or other tallies) using tests of proportions. You will also get up and running with R and RStudio. Topics covered include independent and dependent variables, variable types, exploratory data analysis, p-values, asymptotic tests, exact tests, one-sample tests, two-sample tests, Chi-Square test, G-test, Fisher's exact test, binomial test, multinomial test, post hoc tests, and pairwise comparisons. This module covers lecture videos 3-9.
The T-Test: In this module, you will learn how to design and analyze a simple website A/B test. Topics include measurement error, independent variables as factors, factor levels, between-subjects factors, within-subjects factors, dependent variables as responses, response types, balanced designs, and how to report a t-test. You will perform your first analysis of variance in the form of an independent-samples t-test. This module covers lecture videos 10-11.
Validity in Design and Analysis: In this module, you will learn about how to ensure that your data is valid through the design of experiments, and that your analyses are valid by understanding and testing for certain assumptions. Topics include how to achieve experimental control, confounds, ecological validity, the three assumptions of ANOVA, data distributions, residuals, normality, homoscedasticity, parametric versus nonparametric tests, the Shapiro-Wilk test, the Kolmogorov-Smirnov test, Levene's test, the Brown-Forsythe test, and the Mann-Whitney U test. This module covers lecture videos 12-15.
One-Factor Between-Subjects Experiments: In this module, you will learn about one-factor between-subjects experiments. The experiment examined will be a between-subjects study of task completion time with various programming tools. You will understand and analyze data from two-level factors and three-level factors using the independent-samples t-test, Mann-Whitney U test, one-way ANOVA, and Kruskal-Wallis test. You will learn how to report an F-test. You will also understand omnibus tests and how they relate to post hoc pairwise comparisons with adjustments for multiple comparisons. This module covers lecture videos 16-18.
One-Factor Within-Subjects Experiments: In this module, you will learn about one-factor within-subjects experiments, also known as repeated measures designs. The experiment examined will be a within-subjects study of subjects searching for contacts in a smartphone contacts manager, including the analysis of times, errors, and effort Likert-type scale ratings. You will learn counterbalancing strategies to avoid carryover effects, including full counterbalancing, Latin Squares, and balanced Latin Squares. You will understand and analyze data from two-level factors and three-level factors using the paired-samples t-test, Wilcoxon signed-rank test, one-way repeated measures ANOVA, and Friedman test. This module covers lecture videos 19-23.
Factorial Experiment Designs: In this module, you will learn about experiments with multiple factors and factorial ANOVAs. The experiment examined will be text entry performance on different smartphone keyboards while sitting, standing, and walking. Topics include mixed factorial designs, interaction effects, factorial ANOVAs, and the Aligned Rank Transform as a nonparametric factorial ANOVA. This module covers lecture videos 24-27.
Generalizing the Response: In this module, you will learn about analyses for non-normal or non-numeric responses for between-subjects experiments using Generalized Linear Models (GLM). We will revisit three previous experiments and analyze them using generalized models. Topics include a review of response distributions, nominal logistic regression, ordinal logistic regression, and Poisson regression. This module covers lecture videos 28-29.
The Power of Mixed Effects Models: In this module, you will learn about mixed effects models, specifically Linear Mixed Models (LMM) and Generalized Linear Mixed Models (GLMM). We will revisit our prior experiment on text entry performance on smartphones but this time, keeping every single measurement trial as part of the analysis. The full set of analyses covered in this course will also be reviewed. This module covers lecture videos 30-33.",0.6157134771347046
"UI/UX, User Research, Figma, Adobe XD, Color Theory",Design & Creative,Advanced UX Strategies for Product Managers,Computer Science,Design and Product,"Storytelling, Usability Testing, User Centered Design, UI/UX Strategy, User Research, Prioritization, Usability, Figma (Design Software), Human Centered Design, Product Improvement, Design Research, Wireframing, User Experience Design, User Experience, User Feedback, Data Storytelling, Design Strategies","Advanced UX Strategies for Product Managers: In this course, you'll explore practical UX strategies to bridge the gap between shipped features and real user needs. Through hands-on experience with tools like Figma and JTBD templates, you'll learn to create empathy maps, user journey flows, and feature scorecards. You'll also evaluate product experiences using heuristic methods and build alignment across teams to prioritize user-centric design decisions that drive engagement and growth.",0.6025233268737793
"UI/UX, User Research, Figma, Adobe XD, Color Theory",Design & Creative,Interaction Design Capstone Project,Computer Science,Design and Product,"Creativity, Human Centered Design, Design Thinking, Mockups, Design Research, User Experience Design, Usability, A/B Testing, User Interface and User Experience (UI/UX) Design, User Research, Prototyping, Interaction Design, Innovation, Usability Testing, Ideation","Design Thinking Capstone: Welcome to the Interaction Design Capstone Project!
Needfinding: As Yogi Berra said, you can observe a lot just by watching. Watching how people do things is a great way to learn their goals and values, and come up with design insight. We call this needfinding. This module trains your eyes and ears to come up with user needs, breakdowns, clever hacks, and opportunities for improvement.
Ideation: To maximize your chances of having a great idea, it helps to generate a lot of ideas. Brainstorming is a strategy for rapidly generating lots of ideas. It was named by advertising executive Alex Osborn in his 1953 book, Applied Imagination. When brainstorming, go for volume and defer judgment. Often, something that seems like a crazy idea can lead to something that's a really good idea. Immerse yourself: it can help to use a whiteboard, butcher paper, or stick post-its on a wall. These ideas will become the 'soil' for growing your designs.
Prototype: Prototyping is the pivotal activity that structures innovation, collaboration, and creativity in design. Prototyping gets ideas out of your head and into the world. Like a conversation, your ideas will evolve as you articulate them and make them concrete. Prototypes are quick and dirty, not careful museum pieces. The key to prototyping is to jump right in. It's a tool to see what's working, what challenges emerge, and to share your ideas with others. Review the user needs you brainstormed. In this assignment, you will flesh out your design ideas by storyboarding and making paper prototypes.
Design Heuristics: Design can succeed (or fail) in many ways. That said, there are common heuristics that will get you on the right path. In this module, you will conduct heuristic evaluations (HEs) of another learner's paper prototype. The heuristic evaluations will be a way to highlight usability issues, and think about how to improve them.
A Plan & a Skeleton: A journey of a thousand miles begins with a single step. Figuring out what that first step is--and then what the one after that is--can be especially daunting with creative projects. Making forward progress is a lot easier if you write down concrete, actionable goals. This is the main benefit of a development plan. A development plan also helps you track momentum. Are things progressing at the pace you expected? Faster? Slower? Writing a time estimate into your plan and tracking how long it actually took helps you gauge your pace. The first steps of your plan should be the skeleton that forms the core screens of your design.
Ready for Testing: Crunch time! Your interactive prototypes have to be ready for user testing by the end of this assignment.
Test your prototype: In this assignment, you will test your prototype in person with two people to find usability bugs & potential improvements.
Results!: You've got data from online users that compares two alternatives. How can you tell whether there is a real difference? Statistical tests, like the CHI-squared test, tell you whether the behavior you observed was likely to have occurred by chance, or whether there's likely to be a real difference between the designs. A/B experiments like these are becoming increasingly popular in industry because experiments help you test your assumptions.
Show & Tell: You've done all this great work, and your hard effort has paid off. You've brainstormed, prototyped, designed, iterated, refined, and evaluated. Now's your chance to share your work with the world. This is a great opportunity to tell your design story, and use it as a portfolio to impress your friends, family, and potential employers.",0.5967384576797485
"UI/UX, User Research, Figma, Adobe XD, Color Theory",Design & Creative,Gamification,Computer Science,Design and Product,"Solution Design, Human Centered Design, Emerging Technologies, Drive Engagement, Behavioral Economics, Psychology, Design Thinking, Risk Analysis, Game Design, Employee Engagement, Organizational Development, Marketing, Industrial and Organizational Psychology, Customer Engagement","Gamification and Games: Gamification is a new field, but games are ancient. In this first module, we'll look at what gamification is, why organizations are applying it, and where it comes from. While there isn't universal agreement on the scope of the field, a set of concepts are clearly representative of gamification. The second lesson explains why the concept of games is deeper than most people realize, and how game design serves as a foundation for gamification.
Deconstructing Games: What exactly does it mean to apply game design principles in non-game contexts? In this module, we'll discuss how game designers approach their craft, and how to see any situation through the lens of game design. Then we'll examine the raw materials of games and gamification, known as game elements. We'll earn how to break down a game into its constituent parts and apply them to create gamified systems.
Motivation and Psychology: Gamification is a technique for motivation, so it ties very directly into psychology. This unit introduces the major psychological concepts relevant to gamification. The first lesson focuses on behavioral approaches and reward design; the second identifies the risks and alternatives to this approach.
Design: Gamification done well is a form of design. This module describes the design process, and provides a six-step  framework to apply to any gamification project. The second lesson identifies important considerations and options for developing creative, human-centered, thoughtful gamification solutions.
Applications: This module describes particular challenges and opportunities when applying gamification in two contexts: within an organization, and in social impact or behavior change environments.
Gamification in Perspective: There are many legitimate limitations, concerns, and dangers from gamification. Some of them can be avoided through thoughtful design, but others must be considered directly in any implementation. The final lesson details gamification-related techniques that go beyond those covered throughout the course, and concludes with a look toward the future.",0.5875307321548462
"UI/UX, User Research, Figma, Adobe XD, Color Theory",Design & Creative,Interaction Intelligence: Advanced Prototyping with Figma,Computer Science,Design and Product,"User Interface (UI), Figma (Design Software), User Experience Design, Interaction Design, Usability, Animations, Responsive Web Design, Prototyping, Mockups, User Flows","Advanced Prototyping and Interaction Design: Learn to design intuitive navigation systems and micro-interactions, implement responsive design principles, and utilize Figma's advanced prototyping features to create complex, high-fidelity interactive prototypes for the GreenLeaf Grocers app.",0.5815405249595642
"UI/UX, User Research, Figma, Adobe XD, Color Theory",Design & Creative,UX Design: From Concept to Prototype,Computer Science,Design and Product,"Prototyping, Wireframing, User Experience Design, Conceptual Design, User Research, User Centered Design, Ideation, Storyboarding, Interaction Design, Mockups, User Story, Usability Testing, User Interface (UI)","Introduction to the Design Process: In this module, you will be introduced to the nature of design, the design process, and methods of formative research. You are expected to spend 2 to 3 hours on this module's workload. By the end of this module, you will understand the user experience design process and how to conduct formative research.
Ideation: This module will cover one of the practical topics in this course --- ideation. You will brainstorm and sketch possible solutions to your design problem in this module's assignment. You will also share your sketches with your fellow learners, hear their thoughts about your designs, and provide feedback on their work. By the end of this module, you will gain an understanding of various methods of ideation, as well as the structure developed by Haakon Faste and Eric Paulos for brainstorming.
Design Constraints and Making Choices: This module will introduce the other practical topics --- creation of early design representations like scenarios, personas, and storyboards that illuminate findings about user needs discovered through your formative research. By the end of this module, you will learn how designers move from formative research to a design solution, how the ""Questions, Options, Criteria"" framework can help us make design decisions, and gain hands-on experience in creating personas, scenarios, and storyboards.
Building Blocks of User Interaction: In this module, we will start with understanding the conceptual underpinnings of user interactions by introducing the basic building blocks of user interaction. In addition to lectures, quizzes and discussions, this module involves actual design work: planning out the kinds of information the system you are designing will need to take in, and the kinds of feedback it will need to provide to users. By the end of this module, you will be able to define the elements of user interaction and types of data input. You will also be able to design effective inputs and outputs to enable users to complete tasks successfully as well as conceptualize design problems by using the building blocks of user interaction.
Low to Hi-Fidelity Prototyping: Module 5 will provide an overview of different forms of prototyping. Your design work for this module will be wireframing the main screens of your application. By the end of this module, you will be able to identify the characteristics and applications of low-fidelity and hi-fidelity prototypes and apply the most effective prototype for answering a particular design question. Also, you will learn how to test design concepts and functionality by utilizing wireframes and create low-fidelity and hi-fidelity prototypes to assess and improve your design.
Conceptual Issues in Prototyping and Design: This module introduces some of the issues that designers need to think about when prototyping, such as defaults and mental models. You will create a functional low-fidelity prototype of your design. By the end of this module, you will understand the affordances and limitations of interface formats, learn to evaluate how the default features of a design impact the user experience, identify potential consequences of usage beyond a design's intentions, and describe the gulfs of execution and evaluation.",0.5776252150535583
"UI/UX, User Research, Figma, Adobe XD, Color Theory",Design & Creative,Introduction to Virtual Reality,Computer Science,Design and Product,"Human Computer Interaction, Rehabilitation, Journalism, Augmented and Virtual Reality (AR/VR), Virtual Reality, Unity Engine, Human Factors, Display Devices, Mental Health Therapies, Virtual Environment, Video Game Development","Virtual Reality- Hardware and History: In this week, we'll cover the basics of VR. We'll start by sharing a definition of Virtual Reality, and exploring VR hardware, and then you'll see demonstrations of a range of VR Head Mounted Devices. In the latter part of the week, you will hear more about the history of Virtual Reality and finish the week by drafting your ideas for a VR application.
VR Applications: This week, you'll learn more about the different applications of VR- from news and documentaries, to sports, therapy, and games. You will also learn more about the VR Technical Framework, and will have the opportunity to share your thoughts on VR applications with your peers.
The Psychology of VR: the Three Illusions: In this week, Professor Mel Slater will take us through the Three Illusions. We'll discuss Place Illusion, Plausibility Illusion, and Embodiment Illusion, with some interesting tricks along the way!
Challenges in Virtual Reality",0.5722833275794983
"Agile, Scrum, Kanban, Sprint Retrospectives, Waterfall Methodology, Stakeholder Engagement, Product Lifecycle Management","Data & Product, IT & Engineering",Agile Dev Practices: SDLC & Project Management,Information Technology,Support and Operations,"Agile Project Management, Software Development Life Cycle, Application Lifecycle Management, Agile Methodology, Interpersonal Communications, Requirements Analysis, Project Management, Agile Software Development, User Story, Sprint Retrospectives, Continuous Improvement Process, Software Development Methodologies, Quality Management, Waterfall Methodology, Sprint Planning, Cross-Functional Collaboration, Scrum (Software Development)","Introduction to Agile: In this module, we will explore how and why organizations implement agile methodologies to enhance daily work experiences, interactions, collaboration, adaptability, and overall job satisfaction. As an agile leader, it's important to understand these principles. This knowledge will equip you with the necessary skills to foster a dynamic and responsive work environment and empower you to lead engaged, adaptable teams.
Organizational Practices and Agile Tools: In this module, you'll learn about organizational practices and Agile tools used to discuss implementation priorities in development teams. You'll explore Agile technical practices that are tailored to project needs. You'll examine Agile artifacts and learn how they create project transparency and teamwork. You'll also develop the interpersonal skills you will need to collaborate and communicate in Agile software development contexts.
Predictive Thinking, Waterfall, and Agile methodologies: In this module, you'll explore and compare predictive thinking, Waterfall, and Agile methodologies, with a special focus on their strategies for planning, execution, and adaptation. You'll gain insights into requirements engineering and how to apply them across project contexts. You'll also cover techniques for gathering, documenting, and organizing requirements. We'll also explore the architectural and design principles of Agile methodologies. By the end of this module, you'll be able to make informed decisions, tailor strategies to specific project needs, and successfully steer Agile projects.
Software Development Life Cycles (SDLC) & Capability Maturity Model Integration (CMMI): In this module, you'll explore software development life cycles (SDLC), and assess their suitability for different projects. You'll learn more about capability maturity model integration (CMMI) which focuses on quality management.",0.812919020652771
"Agile, Scrum, Kanban, Sprint Retrospectives, Waterfall Methodology, Stakeholder Engagement, Product Lifecycle Management","Data & Product, IT & Engineering",SDV 101: Introduction to Software Defined Vehicles,Computer Science,Design and Product,"Software Architecture, Artificial Intelligence, Software Development, Virtualization, Embedded Software, Systems Architecture, Digital Transformation, Software Development Life Cycle, Automation","Welcome to the course: Welcome to our essentials course on software-defined vehicles. In this first module, we would like to introduce the course, the topic, and the instructors to you.
Essentials: In this first module, we will cover the basics of SDV. We will define what SDV is, but more importantly, we will explore the various aspects of how the transformation in the automotive industry was initiated, leading to the necessity and emergence of SDVs.
Lessons Learned: In this module we will go through a number of technical evolutions that influenced or led to the transformation in the automotive industry.
Building Blocks: In this module we will go through the building blocks of an SDV one by one. We will not go into details, but will put together the whole picture from a birds view perspective.
Implementation Strategies: In this module we will discuss several implementation strategies that make it possible to develop faster, adjust to changes and customer needs.
The impact of AI: In this module we will go over how the available AI technologies influence and support the development of SDVs in the automotive industry.",0.7977182269096375
"Agile, Scrum, Kanban, Sprint Retrospectives, Waterfall Methodology, Stakeholder Engagement, Product Lifecycle Management","Data & Product, IT & Engineering",Kanban for Software Project Management,Information Technology,Support and Operations,"Project Estimation, Workflow Management, Process Optimization, Estimation, Agile Project Management, Backlogs, Project Management Software, Resource Utilization, User Story, Process Improvement, Kanban Principles, Agile Software Development, Sprint Planning, Agile Methodology","Welcome to the Course: In this module, we will welcome you to the course and introduce your instructor. You'll learn about the course structure, the key topics that will be covered, and the expertise of your instructor. This foundational knowledge will help you understand what to expect and how to make the most of this learning experience.
Introduction to Kanban and Kanban Board: In this module, we will delve into the basics of Kanban and the Kanban board. You'll gain an understanding of Kanban principles and see how a Kanban board functions as a visual tool for managing tasks and projects effectively. This introduction will set the stage for using Kanban in various work scenarios.
Process Improvement: Identifying Inefficiencies/Issues: In this module, we will focus on improving processes by identifying inefficiencies and issues. You'll learn how to spot inefficiencies in your workflows, understand the consequences of underutilized resources, and explore techniques for marking and managing tasks. These skills are crucial for streamlining operations and enhancing productivity.
Kanban Practices: In this module, we will explore essential Kanban practices. You'll learn what it means to define ""done"" in the context of Kanban, how to conduct daily standup meetings to maintain team alignment, and how to specify rules to ensure consistent practice. Mastering these practices will help you implement Kanban effectively in your projects.
Key Agile Concepts: In this module, we will cover key Agile concepts that complement Kanban. You'll be introduced to the foundational ideas of Agile, learn about the product backlog and its management, and discover various estimation techniques like T-Shirt sizing and Fibonacci sequences. This comprehensive overview will enhance your ability to apply Agile methodologies in conjunction with Kanban.",0.7784081697463989
"Agile, Scrum, Kanban, Sprint Retrospectives, Waterfall Methodology, Stakeholder Engagement, Product Lifecycle Management","Data & Product, IT & Engineering",Introduction to AI and Technology in Sports,Data Science,Machine Learning,"Performance Appraisal, Natural Language Processing, Internet Of Things, Machine Learning, Technology Solutions, Artificial Intelligence, Scikit Learn (Machine Learning Library), Health Technology, Data Analysis, Emerging Technologies, Big Data, Large Language Modeling, Data-Driven Decision-Making, Technology Strategies, Data Analysis Software, Data Ethics, Deep Learning, Statistical Methods, Advanced Analytics, Analytics","Foundations of Artificial Intelligence: This foundational module introduces you to the essential concepts and technologies that power artificial intelligence in the modern world. Through three comprehensive lessons, you'll explore the fundamental principles of AI, understand key technologies driving the field, and discover diverse real-world applications across industries. Beginning with core AI concepts and terminology, you'll progress to examining the technological infrastructure enabling AI systems, and conclude by investigating how various sectors are being transformed through AI implementation. This module establishes the critical knowledge base necessary for understanding AI's specific applications in sports contexts, preparing you for more advanced explorations in subsequent modules.
Modern AI Techniques and Applications: This advanced module explores cutting-edge AI methodologies and their practical implementations across various domains. Through three comprehensive lessons, you'll delve into sophisticated machine learning and deep learning techniques, discover the transformative potential of natural language processing and large language models, and examine emerging AI trends shaping our future. Building on foundational AI knowledge, this module provides deeper technical understanding of how modern AI systems function and evolve. You'll gain insights into the latest developments in AI research and applications, preparing you to recognize and evaluate opportunities for implementing these technologies in sports and beyond.
AI and Technology in Sports: This specialized module explores the dynamic relationship between artificial intelligence, technology, and the world of sports. Through three comprehensive lessons, you'll discover how digital innovation is revolutionizing athletic performance, fan engagement, and sports business operations. Beginning with an examination of how technology and sports intersect across multiple touchpoints, you'll then trace the historical development and current state of AI applications in sporting contexts. The module concludes with a critical exploration of the ethical dimensions and privacy challenges that emerge as sports organizations collect and leverage increasingly sophisticated data. Designed for both sports professionals and technology enthusiasts, this module provides essential insights into how AI is transforming traditional approaches to training, competition, and sports management while raising important questions about responsible innovation.
Tools and Technologies in Sports AI: This practical module examines the cutting-edge technologies and platforms transforming data collection and analysis in modern sports. Through three focused lessons, you'll explore the hardware and software ecosystems driving innovation in athletic performance monitoring and fan experience enhancement. Beginning with an in-depth look at wearable technology and Internet of Things (IoT) applications, you'll discover how these innovations provide unprecedented insights into athlete biomechanics and physiological responses. You'll then examine sophisticated data analytics platforms that convert raw information into actionable intelligence for coaches, scouts, and performance staff. The module culminates with a fascinating exploration of smart stadium infrastructure, showcasing how integrated technology systems are revolutionizing venue management and spectator engagement. By understanding these practical tools and their implementations, you'll gain valuable knowledge about the technological backbone supporting modern sports operations and strategic decision-making.",0.7659059166908264
"Agile, Scrum, Kanban, Sprint Retrospectives, Waterfall Methodology, Stakeholder Engagement, Product Lifecycle Management","Data & Product, IT & Engineering","Managing Azure Infrastructure: Storage, Monitoring & Backup",Information Technology,Cloud Computing,"Encryption, Cloud Security, Infrastructure As A Service (IaaS), File Management, Cloud Storage, Microsoft Azure, Data Storage, Disaster Recovery, Data Security, Event Monitoring, System Monitoring, Query Languages, Continuous Monitoring, Patch Management, Virtual Machines","Introduction to Azure Monitor: In this module, you will build a foundation for understanding Azure Monitor, Microsoft's comprehensive cloud monitoring solution. You'll explore key concepts, components, and features essential for effectively monitoring applications and infrastructure within the Azure ecosystem. You'll be guided through the fundamental principles of Azure Monitor, its diverse features, and the practical aspects of configuring basic monitoring. By engaging with real-world use cases, case studies, and hands-on activities, you'll develop a holistic understanding of Azure Monitor's capabilities.
Configuring Storage Accounts: In this module, you will explore advanced Azure networking configurations. You'll focus on key components such as Azure Blob Storage, delving into its configurations, optimization strategies, and integration possibilities with other Azure services. Through hands-on experience and theoretical insights, you will gain proficiency in configuring and securing Azure Blob Storage.  You'll also investigate Log Analytics capabilities, familiarizing yourself with its query language and advanced techniques to extract meaningful insights from logs.
Azure Backup and Maintenance: This module aims to  help you to establish a solid understanding of Azure backup concepts and build the skills required for effective backup configurations. In this module, you will focus on the foundational aspects of configuring backups in the Azure environment. You will first be introduced to essential concepts of backup strategies, emphasizing the importance of regular backups. Then, the focus will shift to practical configurations, specifically covering file and folder backups, with hands-on exercises for reinforcement. Later on, the discussion will extend to virtual machine backups, providing both theoretical insights and practical application through guided configurations. You'll also learn how to keep your virtual machines up-to-date in Azure. You'll understand why regular updates are important and how to set up automatic updates for efficiency.
Comprehensive Backup and Disaster Recovery Plan for a Simulated Azure Environment: In this module, you'll complete a hands-on project. You'll focus on setting up a monitoring solution in Azure, using what you've learned to design, configure, and improve monitoring components. This project gives you a chance to apply your skills in a real-world scenario.",0.7561786770820618
"Agile, Scrum, Kanban, Sprint Retrospectives, Waterfall Methodology, Stakeholder Engagement, Product Lifecycle Management","Data & Product, IT & Engineering","Risk Identification, Monitoring, and Analysis",Information Technology,Security,"Risk Analysis, Vulnerability Management, Risk Mitigation, Enterprise Risk Management (ERM), Network Monitoring, Security Information and Event Management (SIEM), Continuous Monitoring, Risk Management, Intrusion Detection and Prevention, Security Controls, Technical Communication, Cyber Risk, Compliance Management, Vulnerability Assessments, Network Analysis, Business Risk Management, Threat Management, Operational Risk","Overview: In management science terms, maturing a process or practice means taking positive steps over time to make it more reliable, repeatable, and efficient. In practice, this means getting better each day while being able to show the measurements that both demonstrate improvement and suggest other opportunities to improve. Risk management for organizations works best when it uses evidence-based reasoning to identify and characterize issues and take actions as necessary to deal with them.  

This course will explore how to manage the risks related to information systems. It is time to bring these ideas together in a context of continuous maturity modeling, measuring, and monitoring, which we will see is focused on the here and now. Risk alignment works best at the strategic, long-term level of planning; risk maturation, by contrast, can be most effective when considered in the day-to-day of business operations. This is sometimes called operationalizing the approach to risk management and maturation.",0.7529878616333008
"Agile, Scrum, Kanban, Sprint Retrospectives, Waterfall Methodology, Stakeholder Engagement, Product Lifecycle Management","Data & Product, IT & Engineering",Kubernetes Fundamentals,Information Technology,Cloud Computing,"Systems Architecture, Containerization, Data Storage, Microservices, Command-Line Interface, YAML, Cloud-Native Computing, Application Deployment, Scalability, Network Architecture, Kubernetes","Kubernetes Fundamentals and Its Deployment: This module covers Kubernetes fundamentals, including its architecture and the relationship between Kubernetes and containers. By the end of this module, learners will grasp Kubernetes basics, facilitating efficient deployment and management of containerized applications through orchestration.
Kubernetes Pods, Deployments, Replica Sets, Networking and Storage: This module covers Kubernetes configuration and management, including YAML, pod, deployment, and replica set management, as well as networking, service, and storage management. By the end of this module, the learners will configure and manage Kubernetes objects effectively.",0.7523941993713379
"Agile, Scrum, Kanban, Sprint Retrospectives, Waterfall Methodology, Stakeholder Engagement, Product Lifecycle Management","Data & Product, IT & Engineering",Practice Exams for CompTIA A+ Certification: Core 1 & Core 2,Computer Science,Computer Security and Networks,"Simulations, Microsoft Windows, Infrastructure Security, Technical Services, Mac OS, Operating Systems, Network Troubleshooting, General Networking, Technical Support, Computer Networking, Network Administration, System Support, Desktop Support, Unix, Hardware Troubleshooting, Information Technology, Computer Hardware, Mobile Security, Virtualization, Network Security","CompTIA A+ Core 1 and Core 2 Exam Overview: In this module, you will learn about the eligibility requirements for the CompTIA A+ Certification exams, the domains and testing methods, exam-taking strategies, and additional study resources and tips. You can also assess your readiness for the CompTIA A+ Core 1 and Core 2 mock exams through two practice quizzes.
Mock Exam for CompTIA A+ Certification: Core 1: In this module, you will complete a CompTIA A+ Core 1 exam simulation with the same number and type of questions.
Mock Exam for CompTIA A+ Certification: Core 2: In this module, you will complete a CompTIA A+ Core 2 exam simulation with the same number and type of questions.",0.7392808198928833
"Agile, Scrum, Kanban, Sprint Retrospectives, Waterfall Methodology, Stakeholder Engagement, Product Lifecycle Management","Data & Product, IT & Engineering",Software Security Testing,Computer Science,Computer Security and Networks,"Secure Coding, Vulnerability Assessments, Data Validation, Network Protocols, Authorization (Computing), Web Applications, Software Testing, Business Logic, Identity and Access Management, Cybersecurity, Encryption, Authentications, Cryptography","Foundations of Software Security Testing: In this module, we will lay the groundwork for your journey into software security testing. You'll begin with an introduction to the course, followed by setting up your testing environment with Kali Linux. We'll cover essential terminology, explore key methodologies and standards, and discuss the continuous process of software testing. By the end of this section, you'll have a solid foundation to build upon in the subsequent modules.
Core Concepts and Techniques: In this module, we will delve into the core concepts and techniques of software security testing. We'll start with an in-depth look at the HTTP protocol, followed by encoding methods. You'll learn about information-gathering techniques, configuration and management testing, and explore identity management and authentication processes. Additionally, we'll cover authorization testing and session management, providing you with essential skills for identifying and mitigating security risks.
Advanced Testing and Reporting: In this module, we will focus on advanced testing techniques and reporting. You'll learn about input validation and error handling vulnerabilities, delve into the principles of cryptography, and explore creative approaches to testing business logic flaws. We'll also cover client-side testing and conclude with a comprehensive guide to reporting your findings. This section will equip you with advanced skills and knowledge to conduct thorough and effective software security testing.",0.7285699248313904
"Agile, Scrum, Kanban, Sprint Retrospectives, Waterfall Methodology, Stakeholder Engagement, Product Lifecycle Management","Data & Product, IT & Engineering",Agile Development,Computer Science,Design and Product,"Agile Product Development, Product Development, Team Leadership, Team Building, Persona (User Experience), Usability Testing, Customer Analysis, Design Thinking, Product Improvement, Agile Methodology, Agile Project Management, DevOps","Agile Meets Design Thinking: How to evaluate and explain the relevance of concepts and practices from the agile development methodologies
How to create a strong shared perspective and drive to value using design methods like personas and problem scenarios
How to diagnose what software will be valuable to the user and how to test your ideas using agile user stories and prototypes
How to facilitate narrative collaboration with user stories and prototypes
Hypothesis-Driven Development: How to drive valuable outcomes for your user and reduce waste for your team by diagnosing and prioritizing what you need to know about them
How to focus your practice of agile by pairing qualitative and quantitative analytics
How to do just enough research when you need it by running design sprints
How to accelerate value delivery by investing in your product pipeline
Product Analytics and AI: How to naturally, habitually tie your team's work to actionable analytics that help you drive to user value.
How to pair your hypotheses on customer personas and problem with analytics.
How to test propositions (a la Lean Startup) so you don't build features no one wants.
How to instrument actionable observation into everything you build (a la Lean UX).
Managing an Agile Team: How to select and test agile practices to adaptively improve your team's practice of agile
How to create an agile team charter that aligns your team's focus with company strategy while leaving it free to work creatively
How to facilitate retrospectives with your team to iteratively, collaboratively improve your practice of agile
How to support your team's transition to agile",0.7121953368186951
"Javascript, Angular, React, CSS, Responsive Website Design",IT & Engineering,Build AI Apps with LangChain.js,Computer Science,Software Development,"User Interface (UI), Artificial Intelligence, Generative AI, Prompt Engineering, Scalability, Data Storage, Application Development, Application Performance Management, Maintainability, Databases","Build AI apps with LangChain JS: In this module, you'll cover the foundational concepts of LangChain, setting up Supabase for data storage, and preparing text data for efficient processing.
Core Functionality & Processing: It's time to start building! You'll create retrieval chains, design prompt templates, structure outputs, and optimize workflows using RunnableSequence().
Challenges, UI, and Finalization: Finally, you'll focus on integrating a user interface, managing memory, troubleshooting performance issues, and ensuring scalability in LangChain applications.
Test your knowledge!: Put your knowledge to the test with this interactive graded quiz!",0.7918229699134827
"Javascript, Angular, React, CSS, Responsive Website Design",IT & Engineering,"JavaScript Programming with React, Node & MongoDB",Computer Science,Software Development,"Full-Stack Web Development, Node.JS, Database Development, Javascript, Web Applications, React.js, Debugging, NoSQL, Authentications, UI Components, React Redux, Server Side","JavaScript Programming Essentials: Describe JavaScript development concepts, list ES6 features, outline data structures, and explore arrays, DOM, AJAX, and debugging techniques.
Explore handling errors and exceptions, functions and events, apply string manipulation and error-handing techniques, and traverse the DOM.
Compare functions, values, reference types, and strategies in promises and async/await, and discuss modifying the appearance of DOM elements.
Employ JavaScript functions, services, tools, and libraries to create and style navigation and pages, and AJAX to fetch and display data from APIs.
Developing Front-End Apps with React: Develop interactive user interfaces (UIs) and web applications using JavaScript technologies including React, JSX, and ES6.
Build dynamic front-end applications quickly and easily with reusable React components.
Employ various React concepts and features, including props, states, hooks, forms, and Redux.
Demonstrate your React skills by building several front-end applications such as a shopping cart.
Developing Back-End Apps with Node.js and Express: Create server-side applications using the Node.js JavaScript run time.Â
Extend your Node.js applications with third-party packages and frameworks, including Express.Â
Use npm to manage Node.js packages in your Node.js application.Â
Develop asynchronous callback functions and promises to complete asynchronous operations.  Â
Node.js & MongoDB: Developing Back-end Database Applications: Implement fundamental back-end development concepts with Node, Express, and NoSQL databases
Develop secure RESTful APIs using Node and Express to communicate with databases
Apply authentication and authorization mechanisms and implement error handling
Scale and deploy Node database applications on a cloud platform",0.7772903442382812
"Javascript, Angular, React, CSS, Responsive Website Design",IT & Engineering,Linear Algebra for Machine Learning and Data Science,Computer Science,Algorithms,"Data Science, Data Manipulation, Jupyter, Python Programming, Linear Algebra, Dimensionality Reduction, Machine Learning, Machine Learning Methods, NumPy, Applied Mathematics, Artificial Intelligence","Week 1: Systems of linear equations: Matrices are commonly used in machine learning and data science to represent data and its transformations. In this week, you will learn how matrices naturally arise from systems of equations and how certain matrix properties can be thought in terms of operations on system of equations.
Week 2: Solving systems of linear equations: In this week, you will learn how to solve a system of linear equations using the elimination method and the row echelon form. You will also learn about an important property of a matrix: the rank. The concept of the rank of a matrix is useful in computer vision for compressing images.
Week 3: Vectors and Linear Transformations: An individual instance (observation) of data is typically represented as a vector in machine learning. In this week, you will learn about properties and operations of vectors. You will also learn about linear transformations, matrix inverse, and one of the most important operations on matrices: the matrix multiplication. You will see how matrix multiplication naturally arises from composition of linear transformations. Finally, you will learn how to apply some of the properties of matrices and vectors that you have learned so far to neural networks.
Week 4: Determinants and Eigenvectors: In this final week, you will take a deeper look at determinants. You will learn how determinants can be geometrically interpreted as an area and how to calculate determinant of product and inverse of matrices.  We conclude this course with eigenvalues and eigenvectors. Eigenvectors are used in dimensionality reduction in machine learning. You will see how eigenvectors naturally follow from the concept of eigenbases.",0.7767828702926636
"Javascript, Angular, React, CSS, Responsive Website Design",IT & Engineering,"Build Websites with Figma, HTML, and CSS",Computer Science,Software Development,"Wireframing, Usability, Prototyping, HTML and CSS, User Interface (UI) Design, Mockups, Front-End Web Development, Web Development, Responsive Web Design, Web Design and Development, Web Content Accessibility Guidelines, Web Design, Figma (Design Software), Javascript","Welcome & First Project - Simple Card: Learn the basics of using Figma and how to translate a design into a web project as you build a simple card.
Simple Landing Page: With an emphasis on CSS you will work on the layout for a landing page that will look great on desktop and mobile.
Data Analytics Dashboard: Challenge yourself to create a data analytics dashboard using HTML and CSS.
Car Sales Site: Bring another Figma layout to life on the web, adding complexity and detail to desktop and mobile views.
Drone Event Landing Page: Build your most complex layout yet tying in all the concepts you've learned through the course.",0.7497748732566833
"Javascript, Angular, React, CSS, Responsive Website Design",IT & Engineering,Angular 11+ & Material UI: Build Responsive Web Apps,Computer Science,Mobile and Web Development,"Cascading Style Sheets (CSS), Performance Tuning, Responsive Web Design, Angular, UI Components, HTML and CSS, Usability, Web Applications, JavaScript Frameworks, Front-End Web Development, User Interface (UI), User Interface and User Experience (UI/UX) Design, TypeScript, Scalability, Web Design","Angular 11+ & Material UI: Build Responsive Web Apps: In this course, you'll learn how to build sleek, responsive, and accessible web applications using Angular 11+ and Angular Material UI. Through hands-on projects, practical walkthroughs, and real-world examples, you'll master how to integrate Material Design components into your Angular apps, customize themes, and optimize UI performance. Whether you're creating enterprise dashboards or modern admin panels, this course gives you the tools to deliver polished, scalable, and high-performing user interfaces.",0.714728593826294
"Javascript, Angular, React, CSS, Responsive Website Design",IT & Engineering,Web Development for Beginners,Computer Science,Mobile and Web Development,"HTML and CSS, Web Content Accessibility Guidelines, Design Elements And Principles, Animations, Web Applications, Web Content, GitHub, Version Control, Hypertext Markup Language (HTML), User Interface (UI) Design, Application Deployment, Typography","Introduction to Web Development: This course is designed to build your skills in web development and design, no matter how little experience or technical knowledge you currently have. You probably visit several websites every day, whether for business, entertainment or education. But have you ever wondered how these websites actually work? How are they built? How do browsers, computers, and mobile devices interact with the web? What skills are necessary to build a website? With a billion websites now on the internet, the answers to these questions could be your first step toward a better understanding of the internet and developing a new set of internet skills.
By the end of this course you'll be able to describe the structure and functionality of the world wide web, create static web pages using HTML and CSS, select an appropriate web hosting service, and publish your webpages for the world to see. Finally, you'll be able to develop a working model for creating your own personal or business websites in the future and launch yourself on a learning journey in web development.
Beyond Basic CSS: Typography, Color, Effects, & Animation: In this course, you'll learn how type communicates and how styling and organization of written content affects the message. You'll look at advanced features of web fonts and see how type designers are taking the fields of digital type to the next level. Then, you'll learn about color, color theory, and the practice of using color in your digital products and work with color by exploring gradients, other effects, and work to create a website using techniques learned in this course. Finally, we'll wrap up the course by learning how to create animations in CSS using transitions, 2d and 3d transformations, as well as keyframes to create sophisticated animations on the web.
Creating Basic Web Layouts: In this course, we'll explore the history of layout on the web and techniques that have been used to create those layouts. You'll practice using Flexbox CSS and gain an understanding of how Flexbox works to create layouts for web pages. We'll practice using responsive web design and discuss the challenges of managing layouts across multiple screen sizes. You'll learn specific techniques to build a responsive web page and practice using mobile first development. Lastly, you'll apply the techniques learned in this course by using Flexbox properties to create a mini portfolio website and deploy it on GitHub.
Advanced Web Layouts: Different ways designers and developers can create and control the flow of content on web pages.
Advanced uses of CSS grid and creative ways to implement grid on websites.
Advanced features of CSS Flexbox properties, controlling the use of space in a row or a column, positioning, and techniques to create web layouts.",0.6991918087005615
"Javascript, Angular, React, CSS, Responsive Website Design",IT & Engineering,CompTIA A+ Certification Core 2 (220-1102),Information Technology,Data Management,"Threat Detection, Network Security, Mobile Security, Wireless Networks, Hardware Troubleshooting, Command-Line Interface, Software Installation, TCP/IP, Computer Hardware, Peripheral Devices, Linux, Operating Systems","Foundations of Computer Hardware and Storage: Identify the core components of computer hardware and mass storage.
Implement partitioning schemes and configure file systems for different operating systems.
Diagnose and troubleshoot issues with various operating systems.
Develop professional communication strategies and safety protocols for IT environments.
Operating Systems and Networking Fundamentals: Describe how user accounts, permissions, and system security differ across various platforms.
Configure and troubleshoot networks using tools such as DNS, DHCP, and firewalls.
Compare and diagnose network issues related to system performance across multiple operating systems.
Assess system performance and backup strategies to optimize data protection across operating systems.
Advanced Networking, Security, and IT Operations: Manage and optimize mobile devices by configuring email and troubleshooting common mobile issues.
Diagnose and troubleshoot wireless connectivity issues and assess enterprise-grade wireless solutions for performance and security.
Evaluate IT operational procedures such as backups, data destruction, and documentation management for efficiency and compliance.
Develop comprehensive IT operational controls, using ticketing systems to ensure smooth enterprise IT operations.",0.6991538405418396
"Javascript, Angular, React, CSS, Responsive Website Design",IT & Engineering,Responsive Website Tutorial and Examples,Computer Science,Mobile and Web Development,"JavaScript Frameworks, Interactive Data Visualization, Collaborative Software, Real Time Data, Responsive Web Design, Front-End Web Development, Web Applications, Databases, User Requirements Documents, User Interface (UI) Design, Full-Stack Web Development, Data Integration","Responsive Website Tutorials and Examples outline: Course overview: Welcome to the first module of 'Responsive Website Tutorial and Examples!'. In this session we will be exploring a real-world web development task based on a common brief that web developers have to respond to every day – producing a portfolio website with both static and dynamic content features. I hope you enjoy the module! -Mick
Creating a Portfolio Website with a Blog: Welcome to the second module of 'Responsive Website Tutorial and Examples!'. Meteor is great at making collaboration simple. You can make collaborative sites in a day or so that work across many devices including mobile. By the end of this session you will understand how to structure and build collaborative, real-time applications, how to integrate the web audio API, and how to specifically set and get variables stored in the database using basic interface elements.
Collaborative Apps 1 : Music Machine: Welcome to the third module of 'Responsive Website Tutorial and Examples!'.Meteor allows us to make creative, collaborative apps that work in real-time. Both the Client and the Server can insert information into a Mongo collection. Ordinary web users can do this interactively, without having to program the database manually. In this session we will look at this approach through the lens of collaborative drawing. You will learn how to create a canvas using d3.js, change attributes of the canvas, create client code for inserting data into the database and how to render database entries as a drawing.
Collaborative Apps 2 : Drawing Machine: Welcome to the final module of 'Responsive Website Tutorial and Examples!'.In this session we will be looking at how to use data from external sources to create interactive  visualisations for the purposes of creating an interactive data visualisation web app.
Creating a Data Visualisation Application",0.6902991533279419
"Javascript, Angular, React, CSS, Responsive Website Design",IT & Engineering,Web3 and Blockchain in Global Commerce,Computer Science,Computer Security and Networks,"Logistics, Governance, Supply Chain, Supply Chain Management, FinTech, Market Analysis, Interoperability, Digital Assets, Leadership, Business Analysis, Transportation, Supply Chain, and Logistics, Proposal Development","Introduction to Blockchain for Global Commerce: How blockchain works, and how trust is established in a pre- and post-blockchain world
Nine types of digital assets, including cryptocurrencies, protocol tokens, NFTs, stablecoins, securities tokens, governance tokens, and CBDCs
What smart contracts are, the phases of a smart contract deal cycle, and various examples and applications of smart contracts
Blockchain design principles, and challenge areas associated with implementing blockchain technology
Web3 and Blockchain Transformations in Global Supply Chains: The roles of key participants in the global trade network and where the needs of each participant align with the value characteristics of blockchain
What it means to ""tokenize"" an asset, and approaches to securing the physical-digital interface
Examples of sensor-based logistics, and IoT challenge areas that show promise for blockchain-based solutions
Blockchain solutions for provenance, traceability, ethical sourcing, and asset life-cycle management
Web3 and Blockchain Leadership for Transformation: Describe how blockchain consortia may vary with respect to their purpose, activities, membership models, beneficiaries, and governance models
Describe some of the benefits and key considerations concerning shared standards for blockchain and digital assets
Explain how blockchain design choices around privacy, user identity, security, notaries, block relays etc. influence interoperability implementations
Explain how blockchain will transform the roles and functions of the C-Suite
Blockchain Opportunity Analysis for Global Commerce: Identify new ideas or opportunities for blockchain within Global Commerce
Explain how you will position your idea, including how your idea will create new value for your customers
Identify the business model decisions that would need to be made in order to assess the feasibility of your idea
Describe what would need to change in your organization's current way of operating in order to bring your idea to fruition",0.6845800876617432
"Javascript, Angular, React, CSS, Responsive Website Design",IT & Engineering,Introduction to Generative AI,Information Technology,Cloud Computing,"Artificial Intelligence, Application Development, Machine Learning Methods, Generative AI, Google Cloud Platform","Introduction to Generative AI: This is an introductory level microlearning course aimed at explaining what Generative AI is, how it is used, and how it differs from traditional machine learning methods. It also covers Google Tools to help you develop your own Gen AI apps.",0.6809689402580261
"Pay-Per-Click Advertising, Google Ads, Ad Copywriting, Traffic Source Analysis, Bounce Rate, Marketing Strategy, Content Marketing",Marketing & Social Media,Digital Marketing Tools: Machine Learning and AI,Business,Marketing,"Marketing Strategies, Machine Learning, Artificial Neural Networks, Predictive Analytics, Marketing Automation, Big Data, Deep Learning, Marketing Analytics, Customer Insights, Artificial Intelligence, Marketing, Digital Marketing, Apache Hadoop, Machine Learning Methods, Machine Learning Algorithms","Introduction to Digital Marketing Tools: Machine Learning and Artificial Intelligence: In the first module, we will introduce you to the course and the objectives. You'll have the opportunity to meet your instructor, connect with your peers, and get familiar with the Coursera platform and support resources. We will dive into the transformative role of machine learning and artificial intelligence in digital marketing and gain insights into how these technologies can help automate marketing processes, predict customer behavior, and optimize decision-making. We'll also explore practical applications of AI, such as improving customer segmentation and enhancing personalized marketing strategies to drive measurable business outcomes.
Big Data and Artificial Intelligence: In this module, we're going to introduce Big Data and Artificial Intelligence.  We'll also look at how marketers use rich data and enhanced analytical capacity to move from qualitative to quantitative analytical data, from data to big data, and from machine learning to deep learning AI to better understand and market to consumers.
End-of-Course Evaluation: Congratulations! You've made it to the end of the course. As a final assessment, it's time to apply your learning.",0.8384096622467041
"Pay-Per-Click Advertising, Google Ads, Ad Copywriting, Traffic Source Analysis, Bounce Rate, Marketing Strategy, Content Marketing",Marketing & Social Media,YouTube Production: Video Fundamentals,Business,Marketing,"Music, Post-Production, Photo/Video Production and Technology, Videography, Video Production","YouTube Production: Video Fundamentals: You don't need fancy gear to create great YouTube videos—you need the right techniques. In this course, you'll learn how to dramatically improve the look and sound of your videos using just your smartphone and everyday items. From lighting and framing to clear audio and background music, you'll explore the simple production fundamentals that boost viewer engagement. Through a tutorial and hands-on practice, you'll experiment with different setups, evaluate your results, and walk away ready to record videos that look polished and professional.",0.7578439712524414
"Pay-Per-Click Advertising, Google Ads, Ad Copywriting, Traffic Source Analysis, Bounce Rate, Marketing Strategy, Content Marketing",Marketing & Social Media,Affiliate Marketing Course,Business,Marketing,"Market Trend, Relationship Building, Marketing Analytics, Marketing, Promotional Strategies, Marketing Strategies, Web Analytics and SEO, Trend Analysis, Performance Analysis, Marketing Channel, Social Media Marketing, Email Marketing, Blogs, Product Promotion, Content Marketing, Strategic Partnership","Affiliate Marketing: This Affiliate Marketing course provides a complete journey to generate passive income and grow your online business. Learn the fundamentals of affiliate marketing, including key players, tracking methods, and payment models. Master top platforms like Amazon Associates and ShareASale, and build relationships with affiliate partners. Discover promotion methods using email, social media, and blogs to boost conversions and maximize earnings. Streamline your workflow by tracking affiliate links, analyzing data, and managing payouts. Stay ahead by exploring future trends in affiliate marketing to optimize performance and revenue. 

Perfect for bloggers, marketers, influencers, and entrepreneurs aiming to monetize their online presence.
Assessment for Affiliate Marketing: This Affiliate Marketing course provides a complete journey to generate passive income and grow your online business. Learn the fundamentals of affiliate marketing, including key players, tracking methods, and payment models. Master top platforms like Amazon Associates and ShareASale, and build relationships with affiliate partners. Discover promotion methods using email, social media, and blogs to boost conversions and maximize earnings. Streamline your workflow by tracking affiliate links, analyzing data, and managing payouts. Stay ahead by exploring future trends in affiliate marketing to optimize performance and revenue. Perfect for bloggers, marketers, influencers, and entrepreneurs aiming to monetize their online presence.",0.7561224102973938
"Pay-Per-Click Advertising, Google Ads, Ad Copywriting, Traffic Source Analysis, Bounce Rate, Marketing Strategy, Content Marketing",Marketing & Social Media,Digital Marketing Analytics,Business,Marketing,"Analytics, Machine Learning, A/B Testing, Digital Marketing, Marketing Analytics, Big Data, Predictive Analytics, Pay Per Click Advertising, Data-Driven Decision-Making, Web Analytics, Keyword Research, Online Advertising, Search Engine Optimization, Contextual Advertising, Key Performance Indicators (KPIs), Marketing Effectiveness, Customer Analysis, Data Analysis, Search Engine Marketing, Customer Data Management","Introduction to Digital Marketing Analytics: In the first module, we will introduce you to the course and the objectives. You'll have the opportunity to meet your instructor, connect with your peers, and get familiar with the Coursera platform and support resources. We'll also explore the strategies for optimizing search engine visibility, analyzing the performance of paid search campaigns, and leveraging web analytics to track and improve digital marketing effectiveness.
Online Testing and Recommendation Systems: In this module, we will start with an exploration into Online Testing.  Many managerial decisions are made based on professional knowledge and intuition, but often this knowledge is not sufficient enough to make the optimal decision. That's where testing comes in. Next, we will talk about Recommendation Systems. You may not realize it, but your internet experience is defined by recommendation systems. From music, games, videos, films, and what to buy, recommendation systems predict your preferences to suggest products or services that are likely to be of interest to you.
End-of-Course Evaluation: Congratulations! You've made it to the end of the course. As a final assessment, it's time to apply your learning.",0.7462112307548523
"Pay-Per-Click Advertising, Google Ads, Ad Copywriting, Traffic Source Analysis, Bounce Rate, Marketing Strategy, Content Marketing",Marketing & Social Media,Search Engine Optimization and Content Marketing,Business,Marketing,"Search Engine Optimization, Content Development and Management, Web Analytics, Blogs, Growth Strategies, Search Engine Marketing, Digital Marketing, Content Creation, Marketing Strategy and Techniques, Content Strategy, Web Analytics and SEO, MarTech, Market Research, Content Marketing","Introduction to SEO and On-Page Optimization: This module provides a foundational understanding of search engine optimization (SEO), covering key concepts and ranking factors. Explore the core components of SEO—on-page, off-page, content, and technical SEO. You will also explore how search engines crawl, index, and rank websites and the best practices for optimizing web pages. This module also introduces you to Google Artificial Intelligence Optimization (AIO) and growth hacking in SEO. The module also introduces how to optimize on-page SEO elements such as keyword research, meta descriptions, page titles, and content structuring to enhance visibility on search engine results pages (SERPs). By the end of this module, you'll be equipped with the knowledge, tools, and strategies to enhance search performance and boost website traffic.
Off-Page SEO and Link-Building: This module introduces off-page SEO and its role in improving search engine rankings. You will learn about the importance of domain authority, backlink strategies, and the impact of external signals, such as social media and online reputation, on SEO performance. The module provides practical insights into building high-quality backlinks, leveraging guest posting, and identifying authoritative sites for link-building opportunities. On completing this module, you will be equipped with the necessary foundational knowledge of off-page SEO and link-building. Further in this module, you will explore techniques of growth hacking that can be applied in off-page SEO.
Technical SEO and Analytics: This module provides an in-depth understanding of technical SEO, focusing on essential concepts such as crawling, indexing, website speed, and mobile responsiveness—the key factors in enhancing user experience and search visibility. You'll learn to conduct technical SEO audits using third-party tools, implement schema markup and rich snippets, and leverage structured data to improve content visibility. Additionally, you'll gain knowledge of SEO analytics, learning how to interpret data from Google Search Console (GSC) and Google Analytics (GA) to make data-driven decisions that enhance SEO performance.
Content Marketing: This module covers the role of content marketing as a critical component of SEO. You will explore the fundamentals of content marketing, including its role in building brand authority and engaging audiences. The module also covers content distribution strategies, marketing approaches, and best practices for creating high-quality, shareable content that improves search visibility and drives traffic. Further, this module covers techniques and methods to leverage growth hacking principles for content marketing.
Assessment and Final Project : The module includes a final project based on the concepts covered in the course. In this module, you will also attempt a graded quiz to test and reinforce your understanding of concepts.",0.7381552457809448
"Pay-Per-Click Advertising, Google Ads, Ad Copywriting, Traffic Source Analysis, Bounce Rate, Marketing Strategy, Content Marketing",Marketing & Social Media,Instagram Reels: Create Engaging Videos,Business,Marketing,"Instagram, Content Creation, Drive Engagement, Video Editing, Video Production, Media Production","Creating Instagram Reels & Video Content: Learn how to create engaging Instagram Reels that boost visibility and connect with your audience. This lesson covers the essentials of video production and editing using Instagram's native tools, with a focus on timing, transitions, and visual effects. You'll also explore how to select and synchronize audio, including tips for using trending sounds and navigating copyright considerations. Through a guided tutorial and a hands-on activity, you'll plan, film, and publish your first Reel with confidence.",0.733197033405304
"Pay-Per-Click Advertising, Google Ads, Ad Copywriting, Traffic Source Analysis, Bounce Rate, Marketing Strategy, Content Marketing",Marketing & Social Media,Facebook Planning: Manage Content Like a Pro,Business,Marketing,"Facebook, Scheduling, Workflow Management, Content Performance Analysis, Calendar Management, Drive Engagement, Social Media, Google Workspace, Content Management, Content Strategy, Live Streaming, Social Media Content, Content Creation, Social Media Management","Facebook Planning: Manage Content Like a Pro: Learn how to build and manage a sustainable Facebook content plan that supports your goals and engages your audience consistently. This course walks you through creating a strategic content calendar, balancing planned and reactive posts, and using tools like Google Sheets and Meta Business Suite for scheduling and performance tracking. You'll explore content mix strategies, optimal posting times, and workflow tips to streamline your content production. Through a hands-on planning activity and expert guidance, you'll develop a reliable system to reduce content stress and improve long-term engagement on Facebook.",0.7305079698562622
"Pay-Per-Click Advertising, Google Ads, Ad Copywriting, Traffic Source Analysis, Bounce Rate, Marketing Strategy, Content Marketing",Marketing & Social Media,YouTube Shorts: Create Winning Content,Business,Marketing,"Video Production, Storytelling, Photo/Video Production and Technology, Video Editing, Content Creation, Content Strategy, Drive Engagement","YouTube Shorts: Create Winning Content: Discover how to create compelling YouTube Shorts that capture attention and grow your channel. This course covers the technical requirements, platform-specific strategies, and content planning techniques to help you produce short-form videos that complement your long-form content. You'll learn how to use tools like CapCut, spot trends, and optimize for retention and reach. By the end, you'll be able to design Shorts that engage viewers and expand your audience through consistent, impactful storytelling.",0.727808952331543
"Pay-Per-Click Advertising, Google Ads, Ad Copywriting, Traffic Source Analysis, Bounce Rate, Marketing Strategy, Content Marketing",Marketing & Social Media,Instagram Stories: Maximize Interaction,Business,Marketing,"Content Creation, Instagram, Storytelling, User Feedback, Drive Engagement, Brand Strategy, Social Media, Social Media Marketing","Instagram Stories and Interactive Features: Explore how to use Instagram Stories to boost engagement and build stronger connections with your audience. This course covers interactive tools like polls, questions, and quizzes, and shows how to use them strategically to encourage participation and gather feedback. You'll also learn to optimize Stories with hashtags, mentions, and location tags to increase visibility. With expert tips, a hands-on activity, and a tutorial demonstrating Stories techniques, you'll be ready to create impactful, interactive Stories that reflect your brand.",0.7259864211082458
"Pay-Per-Click Advertising, Google Ads, Ad Copywriting, Traffic Source Analysis, Bounce Rate, Marketing Strategy, Content Marketing",Marketing & Social Media,Instagram Insights: Crack the Algorithm,Business,Marketing,"Social Media, Content Strategy, Social Media Content, Customer Engagement, Content Performance Analysis, Content Creation, Digital Media Strategy, Content Marketing, Drive Engagement, Instagram, Social Media Strategy","Understanding Instagram's Algorithm: Learn how Instagram's algorithm shapes what content users see—and how to work with it instead of against it. This lesson explores key algorithm signals, best practices for boosting visibility, and real-world strategies used by top creators. You'll analyze successful posts to identify hooks, engagement tactics, and calls to action, then apply those insights to your own content. By the end, you'll have a clear understanding of how to create posts that perform better and reach more of your audience.",0.7252938151359558
"Predictive Modeling, Python, Scikit-learn, NumPy, Unsupervised Learning, Clustering","Data & Product, IT & Engineering","Python for Command-and-control, Exfiltration and Impact",Information Technology,Security,"Encryption, Scripting, Command-Line Interface, Threat Modeling, Incident Response, Threat Detection, Python Programming, Network Analysis, Cyber Operations, Cybersecurity","Python for command-and-control: Explore Python command-and-control
Python for exfiltration: Explore the uses of Python for data exfiltration
Python for impact: Explore the details of using Python for attack and exfiltration",0.6912496089935303
"Predictive Modeling, Python, Scikit-learn, NumPy, Unsupervised Learning, Clustering","Data & Product, IT & Engineering",Data Analytics and Big Data,Data Science,Data Analysis,"Database Theory, Database Design, Apache Hadoop, Database Management Systems, Database Application, Database Management, Database Development, Data Visualization, Statistical Analysis, Exploratory Data Analysis, Big Data, NoSQL","Introduction to Relational Databases: Describe what relational databases are, and how they are used.
Master the Relational Database Model.
Demonstrate comprehensive SQL skills.
Relational Database Design: Describe the process and the design aspects involved in relational database design.
Develop entity-relationship diagrams using basic and extended Entity-relationship features in relational design.
Identify and apply normalization techniques.
Relational Database Implementation and Applications: Implement relational database and usage of indexes, views, triggers, temporary tables, functions, and stored procedures.
Develop database-driven applications using programming languages, such as Java, Python or C/C++ and frameworks.
Describe transaction and concurrency control concepts in relational databases.
Data Preparation and Analysis: 1. Apply appropriate techniques for generating insights from data.2. Present actionable solutions with confidence to the business stakeholders.
Big Data Technologies: Understanding and identifying  use cases and domains of Big Data problems
Selecting and implementing technical solutions involving Big Data systems
Develop and use various open source software systems (Apache) in the Big Data tech stack
Operate and run various cloud computing software services (AWS) in the Big Data infrastructure space",0.6901388168334961
"Predictive Modeling, Python, Scikit-learn, NumPy, Unsupervised Learning, Clustering","Data & Product, IT & Engineering",Relational Database Administration Capstone Project,Information Technology,Data Management,"Data Pipelines, Data Architecture, SQL, Database Design, Disaster Recovery, Performance Tuning, MySQL, Operational Databases, Data Security, Database Administration, PostgreSQL, Apache Airflow, Database Architecture and Administration, Extract, Transform, Load, Data Warehousing, Database Management","Data Platform Architecture and OLTP Database: In this module, you will design a data platform that uses MySQL as an OLTP database. You will be using MySQL to store the OLTP data.
Build a Data Warehouse: In this module, you will design and implement a data warehouse and you will then generate reports from the data in the data warehouse.
ETL and Data Pipelines: In this module, you will use the given Python script to perform various ETL operations that load the data warehouse with the required information. You will also write a pipeline that analyzes the web server log file, extracts the required lines and fields, transforms and loads data.
Backup, Restore, and Automation: In this module, you will perform back-up and restore operations on the database. You will also implement automation to streamline database management processes.
Database Optimization, Security, and Access Management: In this module, you will optimize the query performance and memory utilization of your database. You will also implement data security protocols, including user access management strategies and data encryption.
Final Submission: In this module, you will organize and submit your project deliverables for final evaluation. This module guides you through the submission process and outlines the criteria for assessing your work.",0.6869876384735107
"Predictive Modeling, Python, Scikit-learn, NumPy, Unsupervised Learning, Clustering","Data & Product, IT & Engineering",Machine Learning: an overview,Information Technology,Data Management,"Classification And Regression Tree (CART), Applied Machine Learning, Algorithms, Machine Learning, Dimensionality Reduction, Machine Learning Algorithms, Supervised Learning, Reinforcement Learning, Data Mining, Regression Analysis, Unsupervised Learning","Week 1 - Supervised Learning
Week 2 - Unsupervised Learning
Week 3 - Reinforcement Learning",0.6333565711975098
"Predictive Modeling, Python, Scikit-learn, NumPy, Unsupervised Learning, Clustering","Data & Product, IT & Engineering",Comprehensive UX and Responsive Web Design,Computer Science,Mobile and Web Development,"Javascript, Cascading Style Sheets (CSS), HTML and CSS, Semantic Web, Command-Line Interface, Web Development Tools, Web Design and Development, React.js, Web Servers, User Interface (UI), Front-End Web Development, Responsive Web Design","HTML Fundamentals: In this module, you'll learn the essential principles of HTML and gain a solid foundation in web development. You'll be introduced to semantic HTML, learning to identify and define semantic elements that improve accessibility. This module also covers common industry practices for casing and indentation, ensuring your code is clean and maintainable. By the end of this module, you'll be able to recognize key characteristics of HTML styles, use semantic elements effectively, and apply best practices in structuring your code. These skills will serve as a foundation for creating well-organized, accessible web pages.
HTML Syntax and Semantic HTML: In this module, you'll explore the essentials of HTML syntax and the importance of semantic HTML. We'll start by covering basic HTML syntax and structure, including the use of hyperlinks and proper casing. You'll also learn more about DevTools to understand HTML elements better. Moving forward, we'll delve into semantic HTML, which enhances accessibility and SEO by using meaningful tags like `<header>`, `<footer>`, and `<article>`. By the end of this module, you'll grasp how structured, semantic HTML can improve both the functionality and readability of your web pages.
CSS Fundamentals: In this module, you'll dive into the core principles of CSS and how it shapes web design. We'll start with the basics of CSS syntax and explore fundamental concepts such as selectors, pseudo-classes, and pseudo-elements. You'll learn to manage styles using type, class, and ID selectors, and understand how to effectively load and apply CSS to your web pages. Additionally, we'll cover the CSS Box Model and its impact on layout, including inline, block, and inline-block elements. By the end of this module, you'll have a solid foundation in CSS to enhance your web pages with custom styles and layouts.
My Favorite Cats: This module you will complete a final assignment. The goal of this assignment is to create a semantic, valid HTML page listing ""My Favorite Cats"" using the knowledge from the provided course materials. Ensure that your HTML follows best practices for semantics, structure, and accessibility.",0.6289799213409424
"Predictive Modeling, Python, Scikit-learn, NumPy, Unsupervised Learning, Clustering","Data & Product, IT & Engineering",Practice Exam for Tableau Certified Data Analyst,Data Science,Data Analysis,"Data Storytelling, Data Analysis, Business Intelligence, Data Visualization Software, Dashboard, Tableau Software, Interactive Data Visualization","About the Tableau Certified Data Analyst Exam: In this module, you will learn about the eligibility requirements for the Tableau Data Analyst Certification exam, including education, experience, costs, and the exam registration process. You'll discover the four domains on which the exam is based and the percentage of questions in the exam from each domain. You will be equipped with study resources and tips to prepare for the exam, and you will have the opportunity to take a short practice test to check your preparedness for the exam.
Tableau Certified Data Analyst Mock Exam: This module will present you with a timed mock exam that simulates the certification questions. After completing this module, you can evaluate if you are ready for the exam or should engage in more practice activities before taking the exam.",0.624541163444519
"Predictive Modeling, Python, Scikit-learn, NumPy, Unsupervised Learning, Clustering","Data & Product, IT & Engineering",Data Science,Data Science,Data Analysis,"Predictive Modeling, Machine Learning, Shiny (R Package), R Programming, Statistical Hypothesis Testing, Version Control, Data Visualization, Statistical Analysis, Data Wrangling, Exploratory Data Analysis, Leaflet (Software), Data Cleansing","The Data Scientist's Toolbox: Set up R, R-Studio, Github and other useful tools
Understand the data, problems, and tools that data analysts use
Explain essential study design concepts
Create a Github repository
R Programming: Understand critical programming language concepts
Configure statistical programming software
Make use of R loop functions and debugging tools
Collect detailed information using R profiler
Getting and Cleaning Data: Understand common data storage systems
Apply data cleaning basics to make data ""tidy""
Use R for text and date manipulation
Obtain usable data from the web, APIs, and databases
Exploratory Data Analysis: Understand analytic graphics and the base plotting system in R
Use advanced graphing systems such as the Lattice system
Make graphical displays of very high dimensional data
Apply cluster analysis techniques to locate patterns in data
Reproducible Research: Organize data analysis to help make it more reproducible
Write up a reproducible data analysis using knitr
Determine the reproducibility of analysis project
Publish reproducible web documents using Markdown
Statistical Inference: Understand the process of drawing conclusions about populations or scientific truths from data
Describe variability, distributions, limits, and confidence intervals
Use p-values, confidence intervals, and permutation tests
Make informed data analysis decisions
Regression Models: Use regression analysis, least squares and inference
Understand ANOVA and ANCOVA model cases
Investigate analysis of residuals and variability
Describe novel uses of regression models such as scatterplot smoothing
Practical Machine Learning: Use the basic components of building and applying prediction functions
Understand concepts such as training and tests sets, overfitting, and error rates
Describe machine learning methods such as regression or classification trees
Explain the complete process of building prediction functions
Developing Data Products: Develop basic applications and interactive graphics using GoogleVis
Use Leaflet to create interactive annotated maps
Build an R Markdown presentation that includes a data visualization
Create a data product that tells a story to a mass audience
Data Science Capstone: Create a useful data product for the public
Apply your exploratory data analysis skills
Build an efficient and accurate prediction model
Produce a presentation deck to showcase your findings",0.606268048286438
"Predictive Modeling, Python, Scikit-learn, NumPy, Unsupervised Learning, Clustering","Data & Product, IT & Engineering",Linux Basics: The Command Line Interface - 6,Computer Science,Software Development,"Command-Line Interface, Linux, Computer Engineering, Linux Commands, Unix, Embedded Software, Computer Programming, C (Programming Language), Linux Servers, Operating Systems, Computer Programming Tools, Embedded Systems, Performance Tuning, Open Source Technology, File Systems, OS Process Management, File Management","Welcome: Let's get coding!
Week 1: History of Linux and the command line: By the end of Week 1, you will be able to describe the background, key dates, and important people of the creation of Linux projects, UNIX, and C. You will also be able to run commonly used pre-installed programs on Linux via the command line interface.
Week 2: The Linux file system: By the end of Week 2, You will be able to navigate through the Linux Filesystem with the command line interface. You will also be comfortable working with files and in directories using the following skills: creating, deleting, copying, renaming, and moving.
Week 3: C program compilation with gcc: By the end of Week 3, you will be able to inspect the memory consumption of processes using the Linux common line interface (CLI), as well as build interactive programs for the CLI in the C programming language. You will also be able to evaluate the average CPU consumption, distinguish between compilation and interpretation of programs, and run/compile a program written in C on Linux.
Concluding the course",0.6050887703895569
"Predictive Modeling, Python, Scikit-learn, NumPy, Unsupervised Learning, Clustering","Data & Product, IT & Engineering",Python for Active Defense,Information Technology,Security,"Network Monitoring, Cyber Security Strategy, Cyber Operations, Cyber Threat Hunting, Network Security, Scripting, Scripting Languages, Threat Detection, Continuous Monitoring, Python Programming, Cybersecurity, System Monitoring","Python for active defense: Decoys: Python and decoy development
Python for active defense: Network: Python has uses for defense and attack.
Python for active defense: Monitoring: Explore the uses for python for monitoring.",0.5946120023727417
"Predictive Modeling, Python, Scikit-learn, NumPy, Unsupervised Learning, Clustering","Data & Product, IT & Engineering",Basic System Programming on IBM Z,Information Technology,Support and Operations,"Data Management, System Programming, Transaction Processing, Mainframe Computing, File Systems, Job Control Language (JCL), System Configuration, Operating Systems, z/OS, Unix, IBM DB2","Introduction to JES and JCL
System Programming Components
z/OSMF and UNIX System Services",0.5904772281646729
